{"[7, 8]": {"0": {"means": [-0.8433557580904091, 19.492466904087504, 46.824733121075916, 51.22501261140611, 51.48711437970008, 56.09379374769367, 58.83893649888074, 59.31947063038388, 62.301795687912055, 64.50333416172015, 63.02924822235976, 60.91847251910583, 54.307385565357, 63.52355776772786, 64.05014459233466, 64.61640756274585, 65.23905014821706, 66.78255796117804, 67.14139579920906, 54.44582534660588, 68.65821792944669, 68.32885949833819, 68.37291924956239, 68.17463225443376, 66.85740996333136, 70.96574464746809, 73.00511596436836, 72.28379285203084, 73.48131029445626, 63.73655175764481], "maximums": [57.10559716573515, 75.23794861721984, 86.33307397402959, 87.31357331188758, 87.31357331188758, 87.55356122494231, 87.55356122494231, 87.55356122494231, 87.55356122494231, 87.55356122494231, 87.55356122494231, 87.55356122494231, 87.55356122494231, 87.55356122494231, 87.55356122494231, 87.55356122494231, 87.55356122494231, 87.55356122494231, 87.55356122494231, 87.55356122494231, 87.55356122494231, 87.55356122494231, 87.81289246928256, 87.81289246928256, 87.81289246928256, 87.81289246928256, 87.81289246928256, 87.81289246928256, 87.81289246928256, 87.81289246928256]}, "1": {"means": [0.9667997828039357, 17.720923305694047, 41.785158374949695, 55.78637608469997, 57.41891046238432, 61.1162932724482, 66.42576070349301, 66.83572032133802, 66.57583099433563, 70.1680377386048, 69.63267159825568, 72.24155347052094, 71.25975750127665, 59.72165703913474, 70.3955103494029, 72.43716075920234, 75.46906791245488, 75.93251534554143, 77.40397365532083, 76.21298620510373, 80.6361808806295, 80.40577063729258, 79.43598034089082, 81.05608528280023, 82.78266395867884, 82.0460077754739, 83.28826882887384, 83.16494855301335, 83.10936177412675, 72.56696375342808], "maximums": [66.61550493721091, 85.58626719449066, 85.58626719449066, 86.14106343805335, 86.39466846406768, 88.56192069107684, 89.10936197187237, 89.10936197187237, 89.10936197187237, 89.10936197187237, 89.10936197187237, 89.10936197187237, 89.10936197187237, 89.10936197187237, 89.1187078342906, 89.1187078342906, 89.1187078342906, 89.35946500072774, 89.35946500072774, 89.35946500072774, 89.5585390821378, 89.5585390821378, 90.73946500072776, 90.73946500072776, 90.73946500072776, 90.73946500072776, 90.73946500072776, 90.73946500072776, 90.73946500072776, 90.73946500072776]}, "2": {"means": [2.395788604835455, 23.73724036693686, 34.8127732228487, 47.45991977679858, 53.62025688743935, 52.02460962829159, 51.05213907262584, 53.1187436987819, 56.58666962252754, 56.789095574315404, 62.68173978658611, 60.55253774658116, 59.4788505661429, 60.9495600911974, 60.73522613995095, 61.408176863273425, 64.13247448035293, 53.37882479060218, 66.19386249325233, 66.89605485860142, 68.45857208282196, 67.27411825941229, 70.50086387811234, 70.78173530383543, 57.1139558370159, 72.94163474079554, 71.66796943933856, 71.9715376487673, 72.58470222572915, 75.07908335067704], "maximums": [66.58835394814497, 75.62472159231584, 75.62472159231584, 84.7032159867714, 84.7032159867714, 84.7032159867714, 85.60109822612274, 85.60109822612274, 88.75968822339262, 88.75968822339262, 88.93968822339261, 88.93968822339261, 88.93968822339261, 88.93968822339261, 88.93968822339261, 88.93968822339261, 88.93968822339261, 88.93968822339261, 88.93968822339261, 88.93968822339261, 88.93968822339261, 88.93968822339261, 88.93968822339261, 88.93968822339261, 88.93968822339261, 88.93968822339261, 88.93968822339261, 88.93968822339261, 88.93968822339261, 88.93968822339261]}, "3": {"means": [-0.9265077488719461, 12.3411751550349, 23.699426747421306, 40.68251860949024, 48.42636679108885, 54.984946634427686, 54.91873401232844, 57.62003790900518, 56.77577518436797, 57.69195191536668, 60.80274864894288, 57.78737014222624, 54.397479827386135, 58.629888367310876, 56.004115038236485, 60.04925332588061, 51.68572291080651, 63.17540449359516, 61.48729999793108, 62.843109821080205, 63.42981001721405, 62.63027591300266, 63.9025510172439, 52.600724192256855, 64.41013008176871, 65.29399376348792, 64.05491641450507, 66.63703420364682, 63.06856805697472, 67.42773624822911], "maximums": [57.43931836898448, 66.61550493721091, 66.61550493721091, 85.3396882233926, 85.99946500072772, 85.99946500072772, 86.12628484395722, 86.12628484395722, 86.12628484395722, 90.863413725328, 90.863413725328, 90.863413725328, 90.863413725328, 90.863413725328, 90.863413725328, 90.863413725328, 90.863413725328, 90.863413725328, 90.863413725328, 90.863413725328, 90.863413725328, 90.863413725328, 90.863413725328, 90.863413725328, 90.863413725328, 90.863413725328, 90.863413725328, 90.863413725328, 90.863413725328, 90.863413725328]}, "4": {"means": [-0.8085037649707334, 7.7255800203760545, 22.56510064117599, 35.74134082888861, 43.38745131979092, 52.373835798864356, 53.57364989885435, 57.07229429574484, 59.80026963087844, 61.281963529412614, 61.87651198798852, 64.35304695924373, 62.63756462965551, 63.10638575151308, 63.72882653669414, 64.13459117537325, 64.98115714082921, 66.29889911086357, 65.75488657952073, 65.67168385249738, 63.86392749186236, 65.87107837260143, 65.44837113964981, 65.05807997335157, 65.71937578766385, 65.34988201017968, 64.85503556342115, 66.24844205254715, 66.4961686136165, 55.47558293607435], "maximums": [66.57946500072771, 66.57946500072771, 85.2474273611744, 85.2474273611744, 85.65794861721984, 85.65794861721984, 85.65794861721984, 85.65794861721984, 85.65794861721984, 86.13196501081939, 86.79289246928256, 86.79289246928256, 86.85289246928255, 86.85289246928255, 86.85289246928255, 86.85289246928255, 86.85289246928255, 86.85289246928255, 86.85289246928255, 87.57289246928255, 87.57289246928255, 87.57289246928255, 88.41289246928258, 88.41289246928258, 88.41289246928258, 88.41289246928258, 88.41289246928258, 88.41289246928258, 88.41289246928258, 88.41289246928258]}, "5": {"means": [1.2961933405684507, 19.197572282359786, 43.419076994181154, 52.97483891148962, 59.08281918049875, 63.454768250584834, 62.885597248806135, 63.11130137505471, 65.68378796122902, 64.12572123937817, 61.95133720069645, 68.6244779038855, 65.95147985058767, 69.41939536828157, 70.6211994204382, 70.4349018989968, 74.4401813269378, 74.37370099626017, 75.37522557384924, 79.19764141622181, 78.00559734816923, 79.53821617458419, 80.11026952239224, 66.71276743210149, 79.28594432477009, 78.92595690522137, 79.27047333092547, 79.3664684182885, 79.71023298796051, 81.32200906076991], "maximums": [66.17399989261955, 85.09357331188758, 87.27679627126204, 87.81679627126204, 87.81679627126204, 87.81679627126204, 87.81679627126204, 87.81679627126204, 87.81679627126204, 88.10168263345199, 88.10168263345199, 88.10168263345199, 88.10168263345199, 88.10168263345199, 88.10168263345199, 88.71289246928256, 88.97982739098296, 88.97982739098296, 88.97982739098296, 88.97982739098296, 88.97982739098296, 88.97982739098296, 88.97982739098296, 88.97982739098296, 88.97982739098296, 89.05968822339261, 89.05968822339261, 89.05968822339261, 89.05968822339261, 89.05968822339261]}, "6": {"means": [-1.1839391055185637, 12.435855942978767, 38.050898748324116, 50.839565855793424, 54.678285611294775, 56.88394603520122, 58.52063588596061, 58.42784348440815, 61.54171770292802, 61.811475381822305, 61.08339437606006, 62.09798559447425, 63.0634622463163, 62.374719921844175, 61.91049533987619, 64.73660506693994, 70.1621039584517, 67.01913621763816, 67.82658569269306, 69.82264852661594, 68.79262901896598, 69.97182873024097, 59.6920249978253, 72.27797761585411, 71.39598107439444, 72.60462203096506, 73.4037844087366, 75.07654539937843, 75.21211200396564, 60.90332702085868],