{"3": {"0": {"means": [1.1768256714279097, 16.277027736431727, 26.49263795448664, 33.656329668860245, 39.869816280261716, 39.53321688903331, 38.935588812401754, 42.293594898443914, 46.26352014131237, 46.972238389122005, 48.34266687661492, 47.14618585523845, 50.24348919726868, 49.14203814614013, 48.26449442088265, 54.4350432886997, 55.02986522060842, 62.63859529905285, 66.49699989549187, 69.06340761314613, 71.40023088569562, 74.08312970870296, 74.61057968207385, 80.97899018353719, 78.8347492697076, 77.13356119544996, 68.72575046701255, 81.34888601276856, 79.85001203386764, 82.59930328035364], "maximums": [74.88631782016776, 74.88631782016776, 74.88631782016776, 86.63879267830492, 86.63879267830492, 86.63879267830492, 86.63879267830492, 86.63879267830492, 86.63879267830492, 87.73621479131239, 87.73621479131239, 87.73621479131239, 87.73621479131239, 87.73621479131239, 87.73621479131239, 87.73621479131239, 87.73621479131239, 88.59342407327507, 88.59342407327507, 89.19342407327508, 89.19342407327508, 89.19342407327508, 89.19342407327508, 89.19342407327508, 89.19342407327508, 89.19342407327508, 89.19342407327508, 91.59364684039826, 91.59364684039826, 91.59364684039826]}, "1": {"means": [-0.5533920913647059, 16.621397908611055, 23.75981127309509, 31.156441128655942, 36.37171854890762, 41.587877400044064, 41.80323677618299, 44.408951360779604, 48.84024905352158, 48.28104112952215, 49.01311160602873, 50.4820555824164, 49.719881432840914, 47.954853078012036, 50.543611410121976, 50.78312449041484, 55.36932141555392, 55.21458206790129, 56.86381477782446, 56.844256076304035, 57.682791538217536, 59.23649484905466, 54.98709960996767, 61.99366492545879, 62.23083924866079, 62.47328043587922, 65.45224959483478, 67.71917407310502, 70.68960090604277, 66.20273529909359], "maximums": [56.77346333071253, 86.0137913760995, 86.0137913760995, 86.0137913760995, 86.0137913760995, 87.01173587691741, 87.01173587691741, 87.45796259441263, 91.93157441175589, 91.93157441175589, 91.93157441175589, 91.93157441175589, 91.93157441175589, 91.93157441175589, 91.93157441175589, 91.93157441175589, 91.93157441175589, 91.93157441175589, 91.93157441175589, 91.93157441175589, 91.93157441175589, 91.93157441175589, 91.93157441175589, 91.93157441175589, 91.93157441175589, 91.93157441175589, 91.93157441175589, 91.93157441175589, 91.93157441175589, 91.93157441175589]}, "2": {"means": [3.35618450777592, 23.666982900873062, 33.303496581785495, 33.9325748714879, 34.53020693179702, 37.942091328463405, 39.61298849698272, 44.072721348946985, 48.971466520910596, 45.610089871846114, 47.19189310554188, 46.84355388530123, 47.0057815487664, 47.252993025298885, 48.180432028927434, 53.85120697727335, 51.79280714621438, 54.69397179735488, 57.72343381446359, 56.876781975306464, 61.999739491580044, 54.06469332515729, 60.66728450809932, 62.075555337895246, 62.46383361483074, 61.34051389670581, 66.00817795262704, 65.39205847513794, 68.18008803121485, 69.45788980781367], "maximums": [56.77346333071253, 86.62364909070206, 87.01173587691741, 87.01173587691741, 87.01173587691741, 87.01173587691741, 87.01173587691741, 88.21173587691742, 88.21173587691742, 88.21173587691742, 88.21173587691742, 88.21173587691742, 88.21173587691742, 88.21173587691742, 88.21173587691742, 88.21173587691742, 88.21173587691742, 88.21173587691742, 88.21173587691742, 88.21173587691742, 88.21173587691742, 88.21173587691742, 88.21173587691742, 88.21173587691742, 89.4137913760995, 89.4137913760995, 89.59342407327507, 89.59342407327507, 89.59342407327507, 89.59342407327507]}, "3": {"means": [-0.42624810084432807, 17.333788929117485, 28.02419506440085, 32.309764098524305, 38.27479629996122, 41.279734889539405, 41.3957408730629, 44.628964511991335, 43.60333584177799, 45.44188090561531, 50.619396395932945, 51.73576134025203, 48.197558598715446, 48.84492431927185, 45.66896419273011, 52.22593633084704, 49.606271708299516, 51.5654893089206, 49.87085454758971, 52.5087503618243, 55.58846499709313, 59.215853977122826, 57.2285015550291, 54.80313840395137, 55.398020898082834, 53.61399991089257, 58.892572930018105, 61.90670858187249, 64.13876698789245, 68.4706791119006], "maximums": [74.77940982990026, 87.01173587691741, 87.01173587691741, 87.01173587691741, 89.0137913760995, 89.0137913760995, 89.0137913760995, 89.0137913760995, 89.0137913760995, 89.0137913760995, 89.0137913760995, 89.01585110906252, 89.01585110906252, 89.01585110906252, 89.01585110906252, 89.01585110906252, 89.01585110906252, 89.01585110906252, 89.01585110906252, 89.01585110906252, 89.01585110906252, 89.01585110906252, 89.01585110906252, 89.01585110906252, 89.01585110906252, 89.01585110906252, 89.01585110906252, 89.01585110906252, 89.01585110906252, 89.01585110906252]}, "4": {"means": [1.9251122226605837, 16.7243024792152, 24.756451255234506, 26.975959542526798, 29.365119929034595, 35.1116375961485, 38.446649602256144, 43.37291017106844, 43.80870949997764, 44.11853147221659, 44.15611281350073, 46.3063970759419, 47.84818825605879, 50.52308771322743, 51.543291427291486, 56.704227680600745, 58.66176648476677, 67.11016815782683, 69.31859947708308, 71.3075445474552, 72.14151160685029, 73.8537597085557, 76.57495762537609, 74.97815588250593, 74.62435904203889, 68.52209901579079, 75.3838904895768, 74.96492903015667, 74.57325130023405, 76.43793687213704], "maximums": [56.77940982990026, 74.77940982990026, 74.77940982990026, 84.23879267830493, 86.35736716631763, 86.35736716631763, 87.01173587691741, 87.01173587691741, 87.01173587691741, 87.01173587691741, 87.01173587691741, 87.01173587691741, 87.01173587691741, 87.01173587691741, 87.01173587691741, 87.61173587691741, 88.19342407327508, 89.39342407327507, 89.4137913760995, 89.4137913760995, 89.4137913760995, 89.4137913760995, 89.4137913760995, 89.4137913760995, 89.4137913760995, 89.4137913760995, 89.4137913760995, 89.4137913760995, 89.4137913760995, 89.4137913760995]}, "5": {"means": [-2.1970621956984866, 10.026029598055715, 21.4824203914947, 26.499988375265783, 30.782984640470126, 31.797822246860598, 37.36081092056748, 36.99805693992603, 43.372090889325406, 42.34770217716018, 40.21774927628116, 45.028496924705955, 46.40755282423982, 43.57971062465672, 45.6104056414142, 50.246653574508606, 52.80737030577702, 54.05743935727405, 54.95046302952025, 58.46765571364068, 60.078672318668495, 61.2044358465393, 50.859146964730805, 59.52225387138863, 58.96533106148308, 62.278675222311094, 64.51679001218298, 61.52115285692795, 61.790386156900816, 62.74443668242499], "maximums": [65.77544157072464, 74.74233241211736, 74.74233241211736, 74.74233241211736, 75.20394224923463, 75.20394224923463, 75.20394224923463, 87.2753166091058, 87.2753166091058, 87.2753166091058, 87.2753166091058, 87.60763751052512, 87.60763751052512, 87.60763751052512, 87.60763751052512, 89.26011544777376, 89.26011544777376, 89.26011544777376, 89.26011544777376, 89.26011544777376, 89.26011544777376, 89.26011544777376, 89.26011544777376, 89.26011544777376, 89.26011544777376, 89.26011544777376, 89.64090461150806, 89.64090461150806, 89.64090461150806, 89.64090461150806]}, "6": {"means": [0.04583184309518761, 13.341584533058985, 22.08467201111261, 30.80254059964397, 35.377348004143, 36.82573945031123, 40.03804707427231, 40.25246445630975, 41.11942367283367, 41.870189579072594, 43.2827592918861, 46.00156757214235, 42.19759399179148, 47.078064327558515, 45.501769873024266, 48.49977882774405, 49.717190757955386, 51.089902932152974, 58.95379973629643, 58.58149532074556, 63.33754363397029, 63.80142290034591, 65.37978686248326, 70.635829712659, 73.94115669274505, 76.09585650122985, 74.561409226913, 74.8550642591696, 80.5183374233088, 81.82531178264335],