{"[3, 7, 8]": {"0": {"means": [-2.164181, 2.129633, 8.421756, 12.943743, 17.853467, 23.508591, 24.063585, 26.731227, 28.533495, 30.468605, 32.894897, 34.720965, 37.126583, 37.71416, 38.410235, 39.258459, 40.49565, 45.690925, 46.053989, 47.2398, 49.999512, 51.436748, 52.320714, 54.802884, 55.036667, 54.048284, 56.478759, 55.703292, 55.709555, 56.495269, 56.495269, 56.495269], "maximums": [30.077788, 30.077788, 30.930545, 42.951671, 47.155079, 68.07717, 68.07717, 52.010661, 65.004405, 70.008986, 74.880806, 74.880806, 74.880806, 74.017648, 70.008986, 73.85691, 73.85691, 73.867766, 73.958514, 73.958514, 73.920901, 73.937769, 77.247206, 77.247206, 77.247206, 77.22726, 77.655253, 77.218997, 77.208795, 77.214734, 77.214734, 77.214734]}, "1": {"means": [-3.085704, 0.170544, 5.14825, 11.405567, 17.94725, 24.434754, 27.970108, 27.543686, 28.282218, 29.506489, 31.109933, 31.495787, 32.222686, 33.271442, 34.863199, 35.800037, 36.651342, 37.17337, 39.478128, 37.866305, 37.552289, 36.68938, 36.831793, 38.011628, 37.379999, 36.842439, 35.750896, 35.246754, 35.285224, 35.093271, 35.093271], "maximums": [33.802534, 31.203874, 47.324525, 47.324525, 47.318041, 47.318041, 57.875185, 57.875185, 54.303375, 51.025183, 46.970564, 59.139541, 48.917938, 49.004702, 49.004702, 48.080976, 47.34405, 47.370679, 51.855287, 51.9985, 47.392108, 47.339489, 45.282552, 45.281631, 45.28079, 47.340923, 47.344448, 47.340923, 47.340923, 47.328314, 47.328314]}, "2": {"means": [-2.104851, 2.79364, 7.143687, 11.642923, 13.624483, 14.652298, 14.708309, 15.950301, 17.365611, 17.113923, 17.863323, 18.656589, 18.882212, 19.243036, 18.928712, 20.22701, 21.780183, 22.035766, 23.786911, 24.115492, 24.426893, 24.774377, 26.078682, 26.332065, 26.517381, 25.800265, 25.068797, 26.66501, 26.91484, 26.940002], "maximums": [44.437681, 29.047814, 28.712984, 40.077771, 40.077771, 40.077771, 40.077771, 48.12695, 48.12695, 43.22579, 56.032161, 56.032161, 56.032161, 56.032161, 36.097971, 31.436518, 44.72381, 47.809354, 42.903277, 33.212413, 31.44649, 31.435251, 31.46003, 32.870541, 31.46003, 31.535565, 31.435251, 31.466049, 31.435251, 31.406669]}, "3": {"means": [-3.366895, 2.824036, 13.165641, 17.283504, 21.054264, 22.698663, 21.312624, 22.79793, 22.565687, 22.602415, 24.886886, 25.070371, 27.325571, 29.922751, 29.575932, 29.505863, 30.85588, 30.308799, 32.458358, 29.783876, 31.19361, 30.522907, 29.824229, 30.571362, 31.349569, 32.07978, 32.818683, 31.599362, 32.243123, 33.777465], "maximums": [23.722749, 44.966344, 44.966344, 44.966344, 54.012585, 54.012585, 44.966344, 50.275697, 51.909034, 51.909034, 68.05943, 66.043011, 58.824851, 58.824508, 54.593755, 54.71131, 60.549834, 60.564203, 60.71094, 60.71094, 60.564203, 58.812927, 51.510357, 58.815762, 56.926272, 60.757971, 66.028346, 66.028346, 67.80086, 67.80086]}, "4": {"means": [-1.446592, 3.745085, 8.965431, 16.324576, 19.963056, 21.83427, 21.691243, 25.467685, 26.670756, 25.908572, 25.910391, 28.61143, 31.003111, 34.146007, 32.411152, 33.842936, 33.615606, 35.321198, 37.058895, 38.211057, 39.992531, 43.0331, 44.923918, 43.7786, 45.43673, 44.597908, 46.790212, 45.70959, 45.861041, 42.987242], "maximums": [48.167429, 48.167429, 48.167429, 48.167429, 48.167429, 55.937513, 55.830961, 55.970881, 58.851968, 58.851968, 58.851968, 60.524856, 64.795347, 64.795347, 60.503036, 60.658413, 57.455901, 67.465305, 57.455901, 58.725184, 64.894144, 67.895037, 67.895037, 67.895037, 67.895037, 67.895037, 67.895037, 67.895037, 67.895037, 66.970561]}, "5": {"means": [-2.520227, 0.435167, 5.221918, 6.701781, 8.632702, 13.153285, 15.657343, 18.354085, 20.697111, 22.111969, 23.260337, 24.311438, 25.131432, 26.396754, 25.524055, 26.039052, 26.250121, 26.169373, 26.595849, 25.512736, 25.881967, 28.888931, 28.142361, 29.837946, 31.400945, 32.715472, 32.484121, 31.855656, 34.803746, 33.103545], "maximums": [31.663118, 37.803556, 47.026612, 47.026612, 46.897213, 46.916627, 46.897213, 44.689162, 44.549171, 46.69624, 46.69624, 46.69624, 47.02636, 54.061578, 54.061578, 54.060122, 48.730844, 48.695925, 47.02636, 44.78341, 47.315236, 51.721099, 47.008542, 54.066305, 54.066305, 65.282332, 65.282332, 58.242142, 58.304936, 58.304936]}, "6": {"means": [-2.76284, 0.375517, 5.904851, 13.576345, 19.711897, 21.744363, 22.915385, 24.750585, 26.89083, 30.301184, 32.051274, 34.599468, 33.048051, 33.953522, 34.206407, 36.437205, 36.15635, 36.373281, 35.455918, 36.324785, 36.059715, 35.98519, 36.234947, 37.220583, 36.93603, 35.874775, 36.504533, 34.825515, 34.978669, 35.235754], "maximums": [31.729195, 35.804765, 38.165657, 51.885829, 51.885829, 51.885829, 57.090337, 57.090337, 54.030566, 73.485124, 73.485124, 73.485124, 73.485124, 73.485124, 67.629447, 67.629447, 73.524426, 73.584476, 73.584476, 85.336413, 85.336413, 73.584476, 77.441019, 77.561993, 77.561993, 77.441019, 73.699986, 57.717115, 60.733422, 57.187053]}, "7": {"means": [-2.874857, 0.89671, 7.836072, 14.391822, 19.24745, 20.670108, 23.443264, 26.33271, 27.762121, 28.772585, 26.852272, 28.081142, 29.774107, 28.899667, 28.675232, 29.246709, 31.092776, 27.90811, 29.428592, 29.786844, 30.521872, 33.380034, 32.752417, 31.752924, 30.394591, 30.329184, 32.153325, 31.143128, 29.441464, 29.592766], "maximums": [26.751194, 41.845328, 41.845328, 48.116298, 48.116298, 58.480186, 58.480186, 54.078437, 51.494975, 58.819316, 58.819316, 54.028146, 51.494975, 55.381711, 59.138336, 59.138336, 59.138336, 55.381711, 54.051887, 53.619508, 51.373045, 60.915436, 60.915436, 51.899481, 56.614749, 56.614749, 56.614749, 56.614749, 55.361039, 54.306349]}, "8": {"means": [-3.805869, 1.944014, 11.62355, 15.459591, 18.500917, 19.792128, 20.185138, 19.719408, 21.650455, 21.979134, 24.45088, 25.657015, 26.8025, 26.044978, 27.771984, 29.097819, 29.559864, 31.922204, 32.338664, 34.067858, 35.508114, 35.196308, 38.594785, 43.392001, 46.261242, 49.570389, 49.10184, 50.759366, 51.511337, 53.541442], "maximums": [22.242026, 31.464444, 46.674152, 46.674152, 63.216587, 63.216587, 46.674152, 42.995069, 44.396784, 44.396784, 46.749322, 46.749322, 48.485985, 37.704828, 49.496616, 61.16881, 58.965568, 65.10029, 65.10029, 67.918285, 67.918285, 67.890972, 67.841287, 74.052848, 74.052848, 73.945177, 70.056807, 67.964628, 73.976808, 77.27404]}, "9": {"means": [-2.620648, 1.305429, 5.799363, 8.577929, 12.4761, 16.083032, 20.161198, 24.400977, 24.354474, 25.958601, 24.364299, 25.901083, 27.045059, 26.778014, 25.444708, 28.087989, 26.978737, 26.588821, 26.070025, 25.702648, 26.292097, 25.321787, 27.346197, 28.588779, 29.848268, 29.733751, 32.081756, 33.476836, 33.779084, 36.227101], "maximums": [35.974785, 41.100057, 46.916542, 46.916542, 46.916542, 46.916542, 52.777499, 60.83605, 60.83605, 60.83605, 60.83605, 60.83605, 60.83605, 60.83605, 56.842739, 48.965659, 47.466848, 47.192768, 47.188223, 46.845538, 44.88882, 47.564836, 55.954563, 57.911837, 57.911837, 57.911837, 57.911837, 57.911837, 57.798051, 57.105848]}}}