{"[7, 8]": {"0": {"means": [-2.64312, 7.256728, 22.867984, 44.506246, 55.316308, 58.812573, 57.158445, 60.188881, 61.322227, 62.281374, 64.00325, 64.37667, 63.619254, 63.100048, 66.000649, 59.128861, 65.499303, 68.039358, 69.06005, 70.134191, 69.627514, 70.458772, 69.81654, 71.13684, 72.821668, 74.598256, 73.891408, 72.429738, 72.861332, 73.656679], "maximums": [57.036421, 57.785064, 57.785064, 75.165189, 84.825869, 85.864928, 85.864928, 86.066285, 86.671965, 86.671965, 86.671965, 86.671965, 86.554809, 86.554809, 86.554809, 86.671965, 86.671965, 86.671965, 86.671965, 86.671965, 86.223246, 85.819256, 86.223246, 85.926677, 86.422666, 86.163246, 87.148142, 86.223246, 86.163246, 87.382666]}, "1": {"means": [-0.308333, 12.251705, 24.603537, 38.702042, 48.30495, 52.196346, 57.499513, 58.401707, 60.843239, 63.181054, 65.224073, 67.091969, 67.954201, 68.615544, 67.857386, 68.524307, 69.27147, 71.085641, 71.85289, 72.782996, 73.110524, 72.961376, 74.78513, 76.958489, 78.950319, 77.447273, 78.771456, 80.283538, 80.595183, 79.327176], "maximums": [75.289573, 85.731489, 85.731489, 75.289573, 86.126285, 86.126285, 75.260207, 75.176954, 86.596421, 86.431965, 87.032892, 87.152892, 87.152892, 87.152892, 87.148142, 87.152892, 88.118539, 87.152892, 87.152892, 87.152892, 87.152892, 87.152892, 87.152892, 87.212892, 87.208142, 87.152892, 87.208142, 87.276796, 87.208142, 87.152892]}, "2": {"means": [-2.037664, 2.692802, 6.943426, 14.956185, 31.290573, 46.305767, 61.282023, 65.804452, 68.251055, 69.463134, 69.757656, 71.573211, 74.005161, 72.609051, 73.642506, 75.163197, 76.135939, 75.270308, 78.796659, 79.010317, 77.913754, 77.064826, 77.457629, 77.150059, 75.442542, 76.869792, 77.306108, 78.182358, 78.017142, 79.084877], "maximums": [56.892977, 66.174, 66.615505, 75.174, 84.342889, 84.342889, 85.171679, 85.111679, 86.286677, 86.286677, 85.176168, 87.942264, 85.21704, 87.216796, 87.216796, 87.096796, 87.096796, 87.096796, 87.096796, 87.096796, 87.216796, 87.276796, 87.276796, 87.216796, 87.216796, 87.216796, 87.216796, 87.216796, 87.216796, 87.216796]}, "3": {"means": [-0.18189, 5.536487, 11.884458, 18.549615, 31.310743, 42.287575, 47.026481, 49.527091, 50.864028, 51.16399, 52.884653, 56.289455, 58.486613, 60.612069, 60.766958, 60.951275, 63.669492, 64.571273, 62.751717, 63.408672, 63.029898, 63.862058, 64.240088, 63.756374, 64.274712, 64.16496, 65.535652, 64.403807, 64.269783, 64.536935], "maximums": [66.003548, 75.237949, 75.237949, 75.237949, 75.237949, 75.237949, 86.126285, 86.126285, 85.124258, 75.219256, 75.176954, 84.073671, 84.073671, 84.073671, 84.073671, 84.624435, 85.246039, 84.800067, 84.883216, 84.883216, 86.316113, 86.333074, 85.377441, 84.916552, 85.605561, 85.396602, 86.056552, 86.056552, 86.056552, 86.056552]}, "4": {"means": [-1.02515, 7.300048, 25.534484, 41.859878, 54.437654, 61.206608, 63.709809, 64.810177, 65.631436, 63.939624, 67.83323, 68.019707, 69.214642, 69.187419, 70.800793, 71.450948, 68.492941, 72.013656, 72.247152, 72.28929, 74.345572, 76.687882, 76.792588, 73.548539, 76.376404, 77.851641, 77.152237, 77.461781, 77.737288, 79.045967], "maximums": [66.629362, 85.41289, 87.130119, 87.130119, 85.53194, 85.41289, 84.677781, 86.904163, 85.930119, 85.870119, 86.279827, 86.341921, 86.341921, 86.410654, 86.341921, 86.431965, 86.553896, 86.431965, 86.359465, 86.433896, 86.470654, 86.650654, 86.650654, 86.650654, 86.650654, 86.71505, 86.71505, 88.759688, 87.392892, 87.152892]}, "5": {"means": [0.359351, 8.565704, 16.870674, 22.931238, 31.855607, 39.291124, 44.630818, 49.667652, 51.239067, 50.979327, 54.134806, 55.667939, 55.153133, 58.462197, 58.863213, 61.511959, 64.000494, 67.455554, 65.207726, 69.395227, 68.677668, 67.433128, 67.692421, 68.319708, 66.42636, 67.399267, 64.948602, 71.036938, 67.872062, 65.459911], "maximums": [57.620103, 66.610928, 66.615505, 66.615505, 66.615505, 75.168118, 86.796168, 84.872828, 86.463246, 89.754865, 89.754865, 89.754865, 85.870119, 86.758586, 87.523047, 87.523047, 90.712124, 90.712124, 90.712124, 90.712124, 88.39124, 87.763047, 88.33124, 88.33124, 87.583047, 87.234865, 88.21124, 90.399467, 90.399467, 90.399467]}, "6": {"means": [0.371296, 8.396441, 18.338171, 30.755298, 45.787494, 55.662961, 59.374319, 64.278946, 66.388334, 65.871678, 67.605981, 68.786868, 67.787739, 70.687946, 72.669584, 73.137298, 72.639117, 75.085307, 76.67927, 77.817299, 78.263159, 82.271231, 82.765457, 82.080571, 82.216015, 82.977205, 83.146242, 84.25355, 84.4503, 85.7618], "maximums": [75.253797, 84.6099, 84.690795, 84.690795, 84.6099, 85.270119, 86.335744, 88.567798, 88.567798, 85.499827, 86.369573, 86.369573, 86.445106, 86.917666, 88.8099, 88.8099, 86.453074, 86.55289, 86.693074, 86.693074, 86.693074, 88.81004, 89.022907, 89.022907, 89.022907, 89.239688, 89.026268, 89.539688, 89.539688, 89.539688]}, "7": {"means": [-3.092256, 4.084021, 17.066974, 36.686428, 49.219497, 56.507648, 61.826674, 61.685897, 62.763782, 62.555654, 64.008563, 68.53095, 69.083241, 69.847681, 71.127928, 72.321471, 71.81748, 73.155331, 73.859952, 74.977114, 76.309172, 79.023833, 78.790564, 79.076405, 79.357863, 79.175367, 78.778403, 80.972999, 79.520112, 79.790846], "maximums": [38.759724, 84.731062, 84.731062, 86.314579, 86.314579, 88.849641, 86.314579, 86.335744, 86.335744, 86.335744, 88.819688, 88.939688, 88.939688, 88.939688, 89.059688, 89.059688, 88.939688, 88.939688, 88.923246, 88.923246, 88.983246, 88.983246, 88.983246, 88.983246, 88.863246, 89.974253, 89.974253, 90.394253, 90.034253, 91.054253]}, "8": {"means": [-0.949657, 3.754772, 15.67834, 32.796364, 44.950997, 57.410957, 62.233314, 62.949712, 63.600118, 65.236626, 65.726323, 65.632175, 65.441417, 67.401716, 68.203338, 68.879394, 71.496414, 71.608012, 72.012771, 73.024528, 73.911455, 73.174433, 74.460255, 73.981028, 75.799027, 76.907276, 79.986221, 80.409889, 79.618789, 81.302889], "maximums": [66.018586, 66.021114, 66.188859, 66.634024, 75.023649, 85.222972, 86.406278, 85.222972, 74.759724, 75.033853, 75.225448, 75.225448, 75.197882, 86.299465, 86.530654, 86.530654, 86.530654, 86.539465, 86.539465, 86.590654, 86.590654, 86.590654, 86.590654, 86.590654, 86.53505, 86.590654, 86.53505, 86.590654, 86.530654, 86.4239]}, "9": {"means": [-0.625509, 4.901481, 22.078409, 44.418983, 53.251601, 54.164273, 57.69154, 57.686474, 58.297792, 58.50304, 58.048138, 48.213004, 57.863564, 58.36568, 58.566861, 58.4085, 59.050661, 58.903908, 57.680151, 61.381265, 62.936176, 63.082402, 66.243855, 65.988896, 66.623382, 67.404782, 72.453188, 73.444842, 73.768735, 74.812158], "maximums": [66.038995, 66.620103, 66.620103, 75.16227, 85.368859, 85.368859, 85.368859, 75.168118, 66.634024, 66.615505, 66.620103, 66.624722, 66.624722, 66.624722, 66.620103, 75.620103, 84.996168, 85.187427, 85.71289, 85.346267, 85.462972, 85.346267, 85.768559, 85.888559, 85.888559, 86.962972, 88.143246, 88.143246, 88.143246, 87.173074]}}}