{"1": {"0": {"means": [-0.509883704700529, 12.638414593703539, 21.094720575672046, 32.09907806797293, 37.342742829887676, 44.91507839436772, 43.42251458649662, 43.53328297811564, 45.84551691128853, 47.09758192168449, 48.92778690011843, 45.211873154857756, 50.42944476503571, 47.4842264709586, 48.59948715425169, 52.043003237623196, 54.584448190233026, 54.20113173746079, 53.151272666346195, 53.24388204731962, 56.0515807913602, 53.76957859909163, 57.11848517410341, 56.7792940115442, 57.56673802900195, 56.56634934970788, 57.32313853086392, 49.889909294889236, 56.851852971035576, 56.99434989265902], "maximums": [66.16226955283406, 66.2634277025208, 66.2634277025208, 66.2634277025208, 75.28297229859378, 75.28297229859378, 75.28297229859378, 75.28297229859378, 75.28297229859378, 75.28297229859378, 75.28297229859378, 75.28297229859378, 75.28297229859378, 75.28297229859378, 75.28297229859378, 75.28297229859378, 75.28297229859378, 86.65699681219053, 86.65699681219053, 86.65699681219053, 94.02326625757942, 94.02326625757942, 94.02326625757942, 94.02326625757942, 94.02326625757942, 94.02326625757942, 94.02326625757942, 94.02326625757942, 94.02326625757942, 94.02326625757942]}, "1": {"means": [-1.900243214200788, 7.871353179617215, 18.480590034202034, 28.812857670370228, 35.3771483324673, 42.16858589008713, 46.05498863678819, 43.48922283480969, 45.773160698486656, 43.98338423817111, 45.59669612554895, 47.123592251219954, 48.225732099906345, 48.24151990010508, 49.99100188033326, 50.29064788570078, 55.483555839511595, 54.60571556310608, 58.52422967371211, 56.947769586626535, 55.50620359140875, 56.993123944493014, 48.88240719317132, 58.583742729609334, 60.28074458264272, 59.014535547565124, 61.05481012387185, 61.96255617049524, 61.95824229061968, 51.28222117755705], "maximums": [66.21925648420768, 94.02326625757942, 94.02326625757942, 94.02326625757942, 94.02326625757942, 94.02326625757942, 94.02326625757942, 94.02326625757942, 94.02326625757942, 94.02326625757942, 94.02326625757942, 94.02326625757942, 94.02326625757942, 94.02326625757942, 94.02326625757942, 94.02326625757942, 94.02326625757942, 94.02326625757942, 94.02326625757942, 94.02326625757942, 94.02326625757942, 94.02326625757942, 94.02326625757942, 94.02326625757942, 94.02326625757942, 94.02326625757942, 94.02326625757942, 94.02326625757942, 94.02326625757942, 94.02326625757942]}, "2": {"means": [-0.9381045603268195, 10.260011602028277, 22.29291205394686, 34.83006204607991, 41.596666861537955, 46.962580436224464, 47.91261086607537, 50.222183003998, 50.50140916066382, 50.43223993557772, 46.188874250164176, 55.4636346128066, 54.83794136314723, 53.11903885463056, 48.46332960868242, 53.34705945616076, 55.886590248998154, 46.18510347400046, 57.240454996562896, 57.64578431091684, 59.27618190038438, 61.300408275087364, 60.83025881046876, 61.02426925762582, 49.843719958262476, 60.6164282975267, 62.022310003390274, 60.88106361183439, 61.102185495818254, 64.68978801082957], "maximums": [57.16226955283406, 66.16226955283406, 66.16226955283406, 94.02326625757942, 94.02326625757942, 94.02326625757942, 94.02326625757942, 94.02326625757942, 94.02326625757942, 94.02326625757942, 94.02326625757942, 94.02326625757942, 94.02326625757942, 94.02326625757942, 94.02326625757942, 94.02326625757942, 94.02326625757942, 94.02326625757942, 94.02326625757942, 94.02326625757942, 94.02326625757942, 94.02326625757942, 94.02326625757942, 94.02326625757942, 94.02326625757942, 94.02326625757942, 94.02326625757942, 94.02326625757942, 94.02326625757942, 94.02326625757942]}, "3": {"means": [-1.7451078393378983, 12.823435424534418, 22.748725029867625, 29.529182603091325, 32.63744738720025, 40.23114811960059, 43.399932346433125, 45.54274752710638, 46.05002900109611, 47.94710584344272, 46.72369047786742, 48.94243106394511, 53.875224219469494, 50.054389818707776, 52.01087683693834, 52.38205559208085, 54.7845214095123, 57.9433326421125, 65.05882463251764, 60.41988323846748, 76.75719100672742, 81.01075112760773, 83.13310225555139, 83.62960561339445, 84.73626586647862, 85.3257070612413, 68.34355035879003, 84.81228946407599, 85.05793369260748, 85.48476863944727], "maximums": [39.16226955283406, 75.05196501081936, 75.09191706183107, 86.29955642660931, 86.29955642660931, 86.29955642660931, 86.29955642660931, 86.29955642660931, 86.29955642660931, 86.29955642660931, 86.29955642660931, 86.29955642660931, 86.71679627126201, 86.71679627126201, 86.71679627126201, 86.71679627126201, 86.71679627126201, 86.71679627126201, 86.71679627126201, 86.71679627126201, 86.71679627126201, 86.71679627126201, 86.71679627126201, 86.71679627126201, 86.71679627126201, 86.71679627126201, 86.71679627126201, 86.71679627126201, 86.71679627126201, 86.71679627126201]}, "4": {"means": [0.27436459761360005, 13.139082937265345, 21.11549145261865, 27.91306312208641, 33.6084129308243, 40.23002068366492, 39.287092482937645, 48.91012498411342, 43.39612938354653, 49.117536621915, 49.27606205953665, 47.133196057799324, 46.19668991568593, 49.6424270493877, 51.37728961507046, 54.294746995004154, 52.38057371481782, 53.36458660844454, 57.83539181982071, 53.57406324444612, 58.761463680800624, 56.983136779883296, 58.86589826246202, 54.06436180203772, 62.23118445386153, 62.69457486863836, 61.42860794714048, 60.58557677662663, 62.55415128736701, 64.00145422573881], "maximums": [66.21310261863329, 66.21310261863329, 66.21310261863329, 75.16226955283406, 75.16226955283406, 75.16226955283406, 75.3266767328285, 75.3266767328285, 75.3266767328285, 75.3266767328285, 84.89955642660931, 84.89955642660931, 84.89955642660931, 84.89955642660931, 84.89955642660931, 84.89955642660931, 94.02326625757942, 94.02326625757942, 94.02326625757942, 94.02326625757942, 94.02326625757942, 94.02326625757942, 94.02326625757942, 94.02326625757942, 94.02326625757942, 94.02326625757942, 94.02326625757942, 94.02326625757942, 94.02326625757942, 94.02326625757942]}, "5": {"means": [-0.8017761311473481, 10.61169271302664, 22.561546187585364, 30.490200215761575, 38.05728368046067, 38.73995510785518, 40.18212432213547, 39.16006365760348, 44.084062002622765, 47.81541313039953, 48.08396800156213, 48.50054441123392, 48.65135081152201, 46.27586896368496, 48.33238875510273, 56.13116846330447, 53.5678934834109, 54.70075333086094, 54.00303050226864, 55.27113320712863, 48.14778177833099, 57.4408861383189, 57.72808505838729, 58.27858632099175, 57.46604760402604, 60.317220256152105, 58.23539298226236, 51.95368413173804, 65.56982438356442, 65.1904805557453], "maximums": [66.74772657195336, 66.74772657195336, 66.74772657195336, 75.75297592783951, 75.75297592783951, 75.75297592783951, 94.02326625757942, 94.02326625757942, 94.02326625757942, 94.02326625757942, 94.02326625757942, 94.02326625757942, 94.02326625757942, 94.02326625757942, 94.02326625757942, 94.02326625757942, 94.02326625757942, 94.02326625757942, 94.02326625757942, 94.02326625757942, 94.02326625757942, 94.02326625757942, 94.02326625757942, 94.02326625757942, 94.02326625757942, 94.02326625757942, 94.02326625757942, 94.02326625757942, 94.02326625757942, 94.02326625757942]}, "6": {"means": [-1.0525375837848192, 11.662455941962696, 26.48319915614053, 36.05044355494281, 44.59701401259303, 46.4148153060027, 48.65813988447825, 48.712093689615024, 50.25149139388429, 52.308727400560514, 49.47120655186741, 49.24612906774363, 49.76891359232887, 45.177943006670894, 53.17757683673684, 55.72286853646005, 56.57338403106275, 55.388535637887685, 58.080411875148265, 60.50446988670157, 60.09552495268322, 59.82563436846333, 62.767605374871195, 63.868346819355914, 66.54419818824124, 62.48601715034041, 74.22577712018284, 79.39578237528272, 81.75520098950409, 81.2606353047873],