{"2": {"0": {"means": [7.8790444331264835, 45.64445449414392, 61.449435921772455, 70.99238145019851, 76.98880284336526, 79.12793568528075, 76.24342443565769, 77.23872195867605, 80.87955987714453, 82.77710764750594, 78.57949156482267, 80.38073844744414, 72.55796164909131, 81.203616730722, 75.59243201575514, 83.19774708933497, 87.9401336917865, 88.4817143885658, 87.64406491091388, 75.31967049531119, 88.2649810637348, 88.71080793650151, 89.78372400063493, 89.41403878446143, 89.62780027888884, 89.08857033391028, 75.60600985216048, 88.11455442774361, 89.67701715297716, 90.87193928014939], "maximums": [89.44704041507838, 91.77237888630937, 92.58272016318507, 92.58272016318507, 92.77611947915372, 93.52700044143626, 93.52700044143626, 93.52700044143626, 93.52700044143626, 93.52700044143626, 93.52700044143626, 93.52700044143626, 93.52700044143626, 93.52700044143626, 93.52700044143626, 93.52700044143626, 93.52700044143626, 93.52700044143626, 93.52700044143626, 93.52700044143626, 93.52700044143626, 93.52700044143626, 93.52700044143626, 93.52700044143626, 93.52700044143626, 93.52700044143626, 93.52700044143626, 93.52700044143626, 93.52700044143626, 93.52700044143626]}, "1": {"means": [12.442159371248067, 37.61448011006319, 65.27215514668669, 77.49056159902298, 75.88737353382886, 74.99424689062549, 71.28484518797649, 76.44458255052032, 79.15146412765097, 79.77422863875512, 74.61405630923487, 79.46346613025203, 75.98360666986594, 79.9547073719226, 72.03183362616537, 85.58804652798638, 84.31898744696947, 86.13926761456133, 85.85852499723265, 87.99638953042175, 84.40496124327827, 71.0649237840815, 84.5929856949013, 88.63110325582078, 87.73617883742433, 88.69147225625805, 88.54316928579821, 89.50598779648529, 88.86367919102695, 83.0479091813463], "maximums": [92.37964417492167, 92.57237888630937, 92.73193985886488, 92.73193985886488, 92.73193985886488, 92.73193985886488, 92.73193985886488, 93.51240366476762, 93.51240366476762, 93.51240366476762, 93.51240366476762, 93.51240366476762, 93.51240366476762, 93.51240366476762, 93.51240366476762, 93.51240366476762, 93.51240366476762, 93.51240366476762, 93.51240366476762, 93.51240366476762, 93.51240366476762, 93.51240366476762, 93.72700044143625, 93.72700044143625, 93.72700044143625, 93.72700044143625, 93.72700044143625, 93.72700044143625, 93.72700044143625, 93.72700044143625]}, "2": {"means": [9.37996130498209, 46.007479587716716, 63.67825796419898, 70.96207724373596, 78.47728800686258, 72.06457286552971, 71.70044683074948, 72.89129978644324, 71.59135758208005, 74.58809756398931, 76.33901401733367, 76.78555264068648, 72.58045419912027, 79.69858147284157, 78.76205779380827, 79.766941913946, 84.64930940164682, 86.42282631117837, 86.87995690321321, 87.4306227276621, 88.38234617993866, 89.77339603533385, 87.83061778385547, 90.36992772617245, 79.06636955004481, 90.24771750950501, 90.59382304287524, 90.0757697969688, 90.6534034029258, 90.64385460199519], "maximums": [92.53703951986405, 92.73193985886488, 92.73193985886488, 92.73193985886488, 92.73193985886488, 92.73193985886488, 92.73193985886488, 92.73193985886488, 92.7750499825186, 92.7750499825186, 93.51240366476762, 93.51240366476762, 93.51240366476762, 93.51240366476762, 93.51240366476762, 93.51240366476762, 93.51240366476762, 93.72700044143625, 93.72700044143625, 93.72700044143625, 93.72700044143625, 93.72700044143625, 93.72700044143625, 93.72700044143625, 93.72700044143625, 93.72700044143625, 93.72700044143625, 93.72700044143625, 93.72700044143625, 93.72700044143625]}, "3": {"means": [6.366571436116504, 45.44880104883916, 70.06057979010764, 73.88019779903354, 73.4667496654296, 76.36860966462022, 75.04791408421298, 78.31580331218808, 78.89554048140891, 76.6886152538086, 83.0358179038872, 77.27517650598938, 81.40890904754109, 81.41966586627704, 80.98660578709598, 84.5758488517594, 86.05986791525955, 87.7356013314775, 88.54311496194252, 87.40792213685168, 87.3383105886505, 88.23293020262837, 75.47729565159628, 86.94351278052194, 87.44290898682173, 88.7939635012121, 88.48134335252456, 88.66052265957265, 88.33745177734147, 80.94656753126152], "maximums": [91.64417294239874, 93.13193985886487, 93.13193985886487, 93.13193985886487, 93.13193985886487, 93.13193985886487, 93.13193985886487, 93.13193985886487, 93.13193985886487, 93.13193985886487, 93.13193985886487, 93.13193985886487, 93.13193985886487, 93.26246192029868, 93.26246192029868, 93.72700044143625, 93.72700044143625, 93.72700044143625, 93.72700044143625, 93.72700044143625, 93.72700044143625, 93.72700044143625, 93.72700044143625, 93.72700044143625, 93.72700044143625, 93.72700044143625, 93.72700044143625, 93.72700044143625, 93.72700044143625, 93.72700044143625]}, "4": {"means": [7.481491305144992, 53.43434586047792, 66.6499774177449, 73.82122861691002, 76.41034661854144, 78.23499079637085, 74.01213034942454, 77.3579789296297, 75.04195769530634, 80.8040682413372, 76.47090130451043, 74.84249439469608, 76.26627995528116, 77.27794007734516, 77.69657351654213, 85.44584819347497, 84.54938986430662, 73.7833752616397, 87.46539546377677, 87.14982992000708, 88.24885246951142, 90.0954422910769, 90.172115796309, 88.9388450700669, 74.46455907800852, 90.85321878071663, 90.81881033860293, 90.81542558807679, 90.0738296604116, 90.7074332968556], "maximums": [91.83547959267732, 93.27010128507693, 93.27010128507693, 93.27010128507693, 93.27010128507693, 93.27010128507693, 93.27010128507693, 93.27010128507693, 93.27010128507693, 93.27010128507693, 93.52700044143626, 93.52700044143626, 93.52700044143626, 93.52700044143626, 93.52700044143626, 93.52700044143626, 93.52700044143626, 93.52700044143626, 93.52700044143626, 93.52700044143626, 93.52700044143626, 93.52700044143626, 93.52700044143626, 93.52700044143626, 93.52700044143626, 93.52700044143626, 93.52700044143626, 93.52700044143626, 93.52700044143626, 93.52700044143626]}, "5": {"means": [7.490268345059811, 47.765552569710465, 66.72005934090176, 71.68427309425981, 72.82280032333351, 79.27171967127745, 79.77917668418364, 79.6148013560887, 77.77788680678096, 76.25911330466394, 79.03238794288781, 78.69375900244832, 76.51243716872064, 78.67743648953801, 79.06823487141631, 75.97048926378163, 86.97972917235077, 87.1321348713063, 86.86144360516853, 87.55656394284968, 89.38518527945165, 89.58561706021442, 71.26539878145898, 90.26877021309824, 90.2700529321512, 90.55744983291079, 90.46880737422946, 90.17046143457435, 89.09203334186721, 88.81394497926097], "maximums": [92.58272016318507, 92.58272016318507, 92.58272016318507, 93.12700044143625, 93.12700044143625, 93.12700044143625, 93.12700044143625, 93.12700044143625, 93.1959933129232, 93.1959933129232, 93.1959933129232, 93.1959933129232, 93.1959933129232, 93.1959933129232, 93.1959933129232, 93.1959933129232, 93.1959933129232, 93.1959933129232, 93.1959933129232, 93.1959933129232, 93.1959933129232, 93.1959933129232, 93.1959933129232, 93.32700044143624, 93.72700044143625, 93.72700044143625, 93.72700044143625, 93.72700044143625, 93.72700044143625, 93.72700044143625]}, "6": {"means": [4.48699343434984, 35.99604196188577, 54.07037269819217, 65.32507373233211, 72.55837728412988, 74.70498507251651, 75.22066796856515, 76.63855012516952, 72.61000581379484, 73.93052397763522, 78.52827231551699, 77.33996260162958, 76.99392712421185, 72.47762934752652, 76.37396216295872, 84.88072406682163, 85.84298025514738, 86.72238801007417, 79.38795500106512, 87.0383761507715, 89.22394789124112, 89.75602524933709, 89.72298265067369, 89.7139664862503, 90.07444435336818, 90.26879817788861, 90.5086110775775, 89.40355380450059, 90.34488970263645, 89.78619870149937],